feature,importance
structure,2095.881476
gc,1606.154702
temp,1597.747279
T,1058.401956
G,1022.628012
A,914.9918783
C,913.5908041
GG,814.4344425
T_20,800.5255626
CC,725.8055399
CG,646.4234632
GC,643.707437
AT,640.8800043
CA,594.9489047
G_18,592.0493072
TA,588.7942262
AG_19,582.3718435
AA,581.8470466
GT,578.2785364
TT,573.7648706
GA,570.0570843
TC,569.3412639
TG,555.5233816
AG,547.0266685
AC,541.1309821
CT,525.3237364
A_20,503.2769579
CC_15,461.5710878
T_18,425.3374952
CC_19,422.7611481
C_20,385.3780916
GG_17,381.7071202
GG_16,317.6187074
CC_18,293.2988829
C_15,291.1243696
CC_14,287.4434734
C_17,286.2695137
C_14,285.3895075
G_19,283.4271168
AC_19,276.4467206
T_14,273.5059576
A_19,267.5668192
GC_18,251.4835952
C_19,242.1627816
T_19,240.7187656
C_10,235.686128
G_17,234.7928287
A_1,234.6501597
G_16,232.9740626
C_16,231.4545574
C_18,229.614095
T_1,228.6426672
T_7,227.7366071
T_8,225.9283467
G_15,225.1775397
GA_19,222.6645596
GC_19,222.1115792
C_13,220.7040236
GT_19,219.5824907
A_2,218.6672123
A_8,218.2785439
A_5,216.1390879
A_3,216.1143043
T_15,215.6756958
A_13,215.6389824
A_11,214.8143944
C_1,214.7857365
CA_18,213.741817
G_10,213.5378741
A_4,213.2906622
A_9,213.1403954
T_2,213.0816162
A_10,213.0295157
A_12,212.6111842
T_6,212.1505425
A_7,211.9812369
T_13,211.9416682
T_9,211.9357059
G_1,210.7082664
A_17,209.9901758
T_3,209.90338
T_11,209.6870201
C_11,209.1000469
T_10,209.0581275
C_3,208.9519011
C_2,208.8658668
T_4,208.8126425
C_6,208.7643614
T_17,208.391409
A_16,208.2271973
A_15,207.951662
C_7,207.8899537
A_18,207.839797
T_12,207.1703732
C_9,206.445414
G_12,206.1701383
A_6,205.973621
T_5,205.7683315
A_14,205.5749209
G_2,205.224395
C_4,204.7876084
G_8,204.0888247
C_12,203.997064
C_5,203.9710829
G_5,203.8713174
G_4,203.835518
G_9,203.166282
G_11,202.3225612
T_16,201.951528
C_8,201.0446775
G_6,200.1090694
G_3,199.8472077
G_13,197.9848936
AT_16,194.5254469
G_14,189.7176833
G_7,189.3881311
AG_17,185.1628267
TT_18,179.0361311
CC_13,172.0061358
TT_1,170.9642446
TT_2,168.5455711
AA_1,167.0338321
GG_18,163.3679989
GA_16,158.5113163
CA_14,156.0930709
TT_19,155.2352687
GA_18,155.2324049
GC_16,154.8468121
AA_2,152.9741357
TT_7,151.7759074
AA_19,149.9670761
TG_17,149.0889108
CG_18,149.0066157
AA_4,148.7334345
AA_3,146.4410226
AC_13,146.2716791
CA_16,145.5502077
TT_3,144.6054018
GC_10,143.4317284
GC_12,143.4046187
GG_13,143.0471361
AA_5,142.8735923
AT_1,141.658376
AC_16,141.5922165
AT_19,141.4372449
GC_15,139.9531185
AT_12,139.6093574
TT_8,139.3369225
TT_6,138.9750812
GG_15,138.4920612
AA_11,137.2402725
TA_12,136.3372569
AC_14,136.0117013
TT_10,135.9098208
CA_17,135.7836132
TC_17,135.7246007
AA_9,135.5433509
TT_9,135.478502
AA_6,135.0751716
AT_5,133.8622689
AA_8,133.7984116
CC_1,133.4641023
AT_7,133.0222044
CA_2,132.2046484
CA_3,132.0305188
CA_10,131.7944632
AT_10,131.3804343
AC_10,131.1678115
AT_9,131.0817121
TG_7,130.9173693
AA_12,130.7108299
CA_13,129.4341137
AA_15,129.1647811
TT_11,129.1197098
CA_4,129.0383265
AT_3,128.6845593
AA_7,128.6669037
AT_6,128.6320684
GC_5,128.5434232
AT_8,128.3881444
AT_11,128.1372298
TG_8,127.8957689
CA_6,127.8229642
AT_15,127.7740332
GC_3,127.2040172
CA_1,127.1872771
CA_7,127.0280205
GC_6,126.9065269
CA_11,126.816986
CA_9,126.7416412
GC_1,126.6128802
TT_4,125.9841805
GG_9,125.9338071
TT_5,125.9305559
CA_15,125.6028872
TC_19,125.5369536
CA_8,125.4248127
AA_13,125.2398127
GC_8,125.1124212
AT_4,124.692179
TA_4,124.402681
TA_8,124.3029713
TA_9,124.2618647
GC_2,123.7183685
AA_10,123.5090906
TA_3,123.4420697
TG_9,123.4324009
TG_11,123.3325545
GA_17,123.1436716
AT_2,123.1253524
GC_4,122.9918205
AG_15,122.9007853
AC_5,122.8313092
AA_14,122.7845124
GC_13,122.5760421
CA_12,122.4643334
TA_13,122.2796632
TC_12,122.2293904
CC_6,122.1029914
CA_5,122.0164286
GT_13,121.9466622
TG_4,121.8212157
CT_17,121.7313324
TA_11,121.6834077
CG_12,121.3566479
GT_8,121.3119929
CT_6,121.1937316
CG_16,121.1401299
TG_10,120.4328803
TC_2,120.2198808
AT_13,120.0345716
TT_12,120.0254187
AC_1,119.7598725
TA_1,119.2759674
CG_2,119.2382416
GC_7,119.0382065
TG_1,119.0288951
TT_13,118.9918907
TG_14,118.8507169
CG_15,118.6173873
GC_9,118.4247899
TA_10,118.3282103
CC_11,118.156289
GC_11,118.1153865
TA_5,117.9197849
AA_16,117.846043
TC_8,117.8431903
CC_9,117.8117403
CG_9,117.6096234
AT_14,117.605692
CG_10,117.4826309
TG_2,117.3310058
GC_14,117.2846707
CC_12,116.999507
TC_5,116.9314328
AC_2,116.8819753
AC_12,116.8391177
TT_16,116.7812023
CG_11,116.758348
CC_3,116.6285041
TA_6,116.5075586
CT_7,116.239228
TT_14,116.2149633
TG_15,116.2134773
TC_6,116.1681544
GG_11,115.8101014
CG_7,115.7791495
AG_5,115.6878075
TG_5,115.6559
CG_8,115.5584113
TC_18,115.4963982
TA_2,115.4935745
CG_13,115.4846264
GA_8,115.3255555
TG_3,115.2112817
TT_17,115.0675747
AG_2,114.820219
AC_7,114.7807046
TG_12,114.5620179
GA_12,114.4683104
AG_7,114.1258748
GA_3,114.0949977
AG_3,114.0377588
TA_7,113.8594277
CG_3,113.6071828
GT_11,113.5850603
GA_10,113.5123178
GA_9,113.2684738
AT_17,113.2384711
AC_4,113.0515064
AG_9,113.0489098
GG_10,112.8443621
CG_4,112.7818295
CG_1,112.7110974
GA_6,112.4953249
AC_6,112.4365168
AG_4,112.3419389
TT_15,112.3402251
TC_7,111.9245843
AC_9,111.9186355
TC_9,111.7342607
TC_15,111.6930488
GA_4,111.562038
CC_7,111.499214
CG_17,111.493764
TC_11,111.4528579
GA_1,111.4466429
CG_5,111.3249656
AG_1,111.3055916
CC_2,111.2235321
TG_18,111.2013619
CT_11,111.0185618
GT_6,110.9769684
TC_1,110.8881838
CG_6,110.6247555
AC_11,110.6172859
AC_3,110.5993637
CC_5,110.3932503
AG_11,110.3844853
GT_5,110.0108721
TC_3,109.9774596
GC_17,109.830219
TG_6,108.8512375
TG_16,108.3201476
TC_14,108.2934286
GG_12,108.2531705
AG_8,108.1001565
CC_16,108.0675851
CC_8,107.9858231
GT_4,107.9376742
TC_13,107.777436
GT_1,107.6553078
CC_4,107.5593666
GA_7,107.494338
GT_9,107.3610558
AC_8,106.7752929
GA_11,106.6990807
GT_10,105.7137359
AG_10,105.5970024
TA_14,105.5937935
GG_4,105.4070319
GT_12,105.1595583
GA_5,105.0993366
GT_3,105.0523705
CT_8,105.0407447
CT_18,105.0211464
CT_10,104.9499718
AG_14,104.9001028
GA_2,104.8620697
CA_19,104.6499885
TG_13,104.4486561
GT_2,104.0628548
CT_4,103.9948189
CT_5,103.6445203
AA_17,103.5163823
GT_17,103.4013105
TA_15,103.3025831
CT_3,103.1124811
GT_14,103.0178877
CT_13,102.8287748
AC_15,102.664364
GT_16,102.6066991
GA_13,102.4300321
TA_16,102.3787106
AG_6,102.238099
GG_1,102.0497507
AG_12,102.0415784
GA_15,101.6063307
TC_4,101.385337
GG_5,101.331404
CT_2,101.2993214
CT_9,101.188095
CT_16,101.120665
CC_10,100.8611692
GA_14,100.5485456
AG_18,100.3314634
TA_19,100.1253031
GG_3,99.98718998
CG_14,99.77977067
GT_15,99.17050486
AA_18,98.91343722
TC_10,98.86324251
TA_18,98.51330594
GG_2,98.16562879
CT_1,98.04491754
TC_16,97.86417018
AT_18,97.86332278
AG_13,97.7428846
AG_16,97.66879442
CG_19,97.54598469
CC_17,97.32257121
TG_19,96.80633966
CT_12,95.67530675
GG_14,95.32072943
AC_17,94.7989606
GG_8,94.26060515
GG_7,93.38931433
GT_7,92.3908627
GG_6,91.32316723
CT_14,91.02838262
CT_15,90.03424772
GT_18,89.98820819
AC_18,89.3950323
CT_19,83.31198775
TA_17,82.07878735